fighter,TrimmedSize,InitialWalkSpeed,WalkAcceleration,MaxWalkSpeed,WalkAnimationSpeed,MidWalkPoint,FastWalkSpeed,Friction,InitialDashSpeed,StopTurnInitialSpeedA,StopTurnInitialSpeedB,InitialRunSpeed,RunAnimationScale,DashLockoutDirection,DashDurationBeforeRunning,JumpStartupLag,InitialHorizontalJumpVelocity,InitialVerticalJumpVelocity,GroundToAirJumpMomentumMultiplier,MaximumShorthopHorizontalVelocity,MaximumShorthopVerticalVelocity,VerticalAirJumpMultiplier,HorizontalAirJumpMultiplier,NumberOfJumps,Gravity,TerminalVelocity,AerialSpeed,AerialFriction,MaxAerialHorizontalSpeed,AirFriction,FastFallTerminalVelocity,TiltTurnForcedVelocity,Jab2Window,Jab3Window,FramesToChangeDirectionOnStandingTurn,Weight,ModelScale,ShieldSize,ShieldBreakInitialVelocity,RapidJapWindow,ClankSpeedMultiplier,HitByItemFlag,Unknown0xA4,LedgeJumpHorizontalVelocity,LedgeJumpVerticalVelocity,ItemThrowVelocity,ItemThrowDamageScale,RunSideSpecialMomentum,EggSize,EggHurtbox,EggHurtboxX,EggHurtboxY,EggHurtboxZ,Unknown0xD0,Unknown0xD4,EggHurtboxRadius,KirbyNeutralSpecialStarSwallowDamage,KirbyNeutralSpecialStarDamage,NormalLandingLag,NairLandingLag,FairLandingLag,BairLandingLag,UairLandingLag,DairLandingLag,VictoryScreenModelScale,WallTechX,WallJumpHorizontalVelocity,WallJumpVerticalVelocity,CeilingTechXDirection,Unknown0x110,LeftBunnyHoodX,LeftBunnyHoodY,LeftBunnyHoodZ,RightBunnyHoodX,RightBunnyHoodY,RightBunnyHoodZ,BunnyHoodSize,FlowerX,FlowerY,FlowerZ,FlowerSize,ScrewAttackUpwardKnockback,ScrewAttackEffectSize,Unknown0x148,BubbleRatio,FreezeOffset1,FreezeOffset2,FreezeEscapeHeight,FreezeEscapeXMomentum,FrozenSize,WarpStarHitboxScaling,Unknown0x168,CameraZoomTargetBone,MagnifiedXSway,MagnifiedYSway,MagnifiedZSway,FootstoolYOffset
Mario,388,0.1,0.1,1.1,0.18,0.44,0.7,0.06,1.5,0.06,0.02,1.5,1.45,30,3,4,1,2.3,0.8,1.5,1.4,1,0.9,2,0.095,1.7,0.025,0.02,0.86,0.016,2.3,3,24,24,4,100,1.1,10.75,2.5,0,16,0,1,1,2.3,1,1,0.2,2,0,6,0,0,9,0,6,2.2,17,4,16,21,15,15,23,20,0.5,1.3,2.3,1,0.8,0.4,1.4,0,-0.4,1.4,0,1,0,1.5,0,1,3.35,1,0.5,8.2,-1.7,-2.5,2.3,1,1,1,1,5,0,2,0,0
Fox,388,0.2,0.1,1.6,0.23,0.57,0.92,0.08,1.9,0.1,0.02,2.2,1.728,30,3,3,0.72,3.68,0.83,1.7,2.1,1.2,0.9,2,0.23,2.8,0.06,0.02,0.83,0.02,3.4,3,30,0,4,75,0.96,14.375,3.3,4,16,0,1,1.1,4,1,1,0.2,1.9,0,6,0,0,9,0,6,2.09,16,4,15,22,20,18,18,22,0.5,1.4,3.3,0.7,0.9,0.85,3.3,0.3,-0.85,3.3,0.3,1,0,4.2,0.3,1,3.7,1.2,0.5,7.5,-1.5,-2,2.3,1,1,1,1,22,0,0,0,0
Falco,388,0.2,0.1,1.4,0.23,0.57,0.92,0.08,1.9,0.1,0.02,1.5,1.728,30,3,5,0.7,4.1,1,1.7,1.9,0.94,0.94,2,0.17,3.1,0.05,0.02,0.83,0.02,3.5,4,30,0,4,80,1.1,12.5,3.3,4,16,0,1,1,3.9,1,1,0.2,2.2,0,6,0,0,9,0,6,2.42,15,4,15,22,20,18,18,23,0.5,1.3,3.6,0.7,0.85,0,3.8,1.2,0,3.8,1.2,1,0,4,1.1,1,3.35,1.05,0.5,7.5,-1.5,-2,2.3,1,1,1,1,19,0,0,0,0
Captain,388,0.15,0.1,0.85,0.165,0.407,0.6596,0.08,2,0.15,0.01,2.3,2.33,30,3,4,0.95,3.1,0.75,2.1,1.9,0.9,0.9,2,0.13,2.9,0.04,0.02,1.12,0.01,3.5,3,24,24,6,104,0.97,15,2.7,4,16,0,0,1,3.3,1,1,0.2,2.25,0,6,0,0,9,0,5.3,2.47,18,4,15,19,18,15,24,24,0.5,1.4,3.1,2,1.1,0,3,1.1,0,3,1.1,0.7,0,3.4,1.1,0.7,3.35,1,0.5,9,-3,8.5,2.3,1,1,1,1,18,0,0,0,0
Donkey,388,0.1,0.1,1.2,0.26,0.42,0.68,0.08,1.6,0.05,0.02,1.6,1.42,30,3,5,1,2.7,0.8,1.6,1.6,0.91,1,2,0.1,2.4,0.02,0.02,1,0.02,2.96,3,28,0,8,114,1,17.5,2.6,0,16,0,0,1,2.7,1,1,0.2,2.6,0,6,0,0,9,0,6,2.86,19,5,20,30,15,25,31,23,0.5,1.3,2.7,1,1.2,0.4,3,-0.5,-0.4,3,-0.5,1.3,0,4,0,1.3,3.35,1.5,0.5,14.4,0,1.5,2.3,1,1,1,1,26,0,4,0,0
Kirby,388,0.16,0.1,0.85,0.1748,0.4232,0.6740533,0.08,1.4,0.08,0.02,1.4,1.325,30,3,3,0.9,2,0.8,1.4,1.5,0,0,6,0.08,1.6,0.04,0.02,0.78,0.02,2,3,24,0,4,70,0.92,14.7,2.5,4,16,0,1,1,2,1,1,0.2,1.7,0,6,0,0,9,0,6,1.87,12,4,15,20,15,15,20,16,0.5,1.3,2,0.9,0.9,0,-0.2,0,0,-0.2,0,1.5,0,-0.1,0,1.5,3.35,1.1,0.5,7,0,-2,2.3,1,1,1,1,5,0,0,0,0
Koopa,388,0.03,0.05,0.65,0.09,0.27,0.345,0.06,1,0.04,0.02,1.5,1.32,30,3,8,1,2.8,0.9,1,1.6,1,0.9,2,0.13,1.9,0.03,0.02,0.8,0.01,2.4,3,24,0,8,117,0.69,31.25,3.2,0,16,0,1,1,2.2,1,1,0.2,2.7,0,6,0,0,9,0,6,3,19,6,30,30,35,30,40,25,0.7,1.3,2.8,0.9,1.8,0.3,-1.1,-0.1,-0.3,-1.1,-0.1,1.6,0,-0.9,-0.1,1.6,3.35,1.7,0.5,14.2,-3,-5,2.3,1,1,1,1,30,0,0,0,0
Link,388,0.2,0.1,1.2,0.27,0.66,1.04,0.1,1.3,0.1,0.02,1.3,1.78,30,3,6,1,2.5,0.8,1.2,1.5,0.88,1,2,0.11,2.13,0.04,0.02,1,0.005,3,3,24,24,6,104,1.22,11.625,2.7,5,16,0,1,1,2.6,1,1,0.2,2.15,0,6,0,0,9,0,6,2.365,18,4,15,15,15,30,50,24,0.5,1.3,2.6,1,0.9,0,3.3,1.3,0,3.3,1.3,0.7,0,3.4,1.3,0.8,3.35,1.1,0.5,9.5,-1.6,0.3,2.3,1,1,1,1,17,0,0,0,0
Seak,388,0.2,0.1,1.2,0.22,0.308,1.12,0.08,1.7,0.1,0.02,1.8,2.72,30,3,3,0.8,2.8,0.8,1.4,2.14,1.1,1,2,0.12,2.13,0.04,0.02,0.8,0.04,3,3,24,0,4,90,1.4,11.625,3,4,16,0,0,1,2.8,1,1,0.2,2,0,6,0,0,9,0,6,2.2,15,4,16,16,16,24,20,23,0.5,1.4,2.8,0.8,0.8,0,3.3,1.2,0,3.3,1.2,0.7,0,3.5,1.2,0.7,3.35,1,0.5,8.6,-1.3,-1,2.3,1,1,1,1,17,0,0,0,0
Ness,388,0.08,0.1,0.84,0.15,0.37,0.6,0.06,1.3,0.04,0.02,1.4,1.6,30,3,4,1,2.5,0.8,1.3,1.5,0.85,0.8,2,0.09,1.83,0.04,0.02,0.93,0.03,2.2,3,24,24,4,94,1,13.75,2.7,0,16,0,1,1,2.5,1,1,0.2,2,0,6,0,0,9,0,6,2.2,16,4,22,18,18,18,28,18,0.5,1.3,2.5,1,0.7,0.3,-0.3,1.2,-0.3,-0.3,1.2,1.2,0,-0.2,1.2,1.2,3.35,1,0.5,7,-0.8,-3.2,2.3,1,1,1,1,5,0,3,0,-1
Peach,388,0.2,0.1,0.85,0.187,0.47,0.76,0.1,1.2,0.1,0.02,1.3,2.73,30,3,5,0.7,2.2,0.7,1.1,1.6,0.7,0.9,2,0.08,1.5,0.06,0.01,1.1,0.005,2,3,24,0,6,90,1.15,11.875,2.5,4,16,0,0,1,2.2,1,1,0.2,2.1,0,6,0,0,9,0,6,2.31,15,4,17,25,15,15,15,24,0.5,1.3,2.2,0.7,0.7,0.1,2.7,1.2,-0.1,2.7,1.2,1,0,2.9,1,1,3.35,1,0.5,8,-2.9,0.5,2.3,1,1,1,1,66,0,0,0,0
Popo,388,0.085,0.1,0.95,0.19,0.47,0.73,0.035,1.4,0.05,0.02,1.4,1.52,30,3,3,0.6,2.6,0.8,1.4,1.4,1,0.9,2,0.1,1.6,0.027,0.02,0.7,0.02,2,3,24,24,4,88,1.15,10.75,2.6,0,16,0,1,1,2.6,1,1,0.2,2.1,0,6,0,0,9,0,6,2.3,16,4,20,20,20,32,25,18,0.5,1.3,2.6,0.6,1.6,0.6,1.9,1.2,-0.6,1.9,1.2,1.3,0,2.1,1.2,1.3,3.35,1.1,0.5,8,-1.5,-2.6,2.3,1,1.6,1,1,5,0,2,0,-1
Pikachu,388,0.15,0.1,1.24,0.21,0.517,0.837,0.09,1.8,0.08,0.02,1.8,1.54,30,3,3,0.8,2.6,0.8,1.8,1.7,1,0.8,2,0.11,1.9,0.03,0.02,0.85,0.01,2.7,3,24,0,4,80,0.9,12,2.65,0,16,0,1,1,2.6,1,1,0.2,1.7,0,6,0,0,9,0,6,1.87,13,4,15,20,30,26,40,17,0.5,1.3,2.6,0.8,0.7,0,-0.1,0.2,0,-0.1,0.2,1.3,0,0,0.2,1.3,3.35,1,0.5,7.8,-1,-2.7,2.3,1,1,1,1,5,0,0,0,0
Samus,388,0.3,0.1,1,0.1548,0.3784,0.6192,0.06,1.86,0.1,0.02,1.4,1.39,30,3,3,1,2.1,0.8,1.3,1.7,0.9,0.9,2,0.066,1.4,0.0125,0.02,0.89,0.01,2.3,3,24,0,4,110,0.88,16.25,2.31,0,16,1E-45,1,1,2.1,1,1,0.2,2.25,0,6,0,0,9,0,6,2.47,18,4,15,15,15,15,15,22,0.5,1.3,2.1,1,0.9,0,1.8,1.2,0,1.8,1.2,0.8,0,1.8,1.2,0.8,3.35,1,0.5,8.8,0,3.4,2.3,1,1,1,1,19,0,0,0,0
Yoshi,388,0.16,0.1,1.15,0.22,0.53,0.84,0.06,1.33,0.08,0.02,1.6,1.58,30,3,5,0.93,2.5,0.7,1.5,1.8,1.3,1.2,2,0.093,1.93,0.028,0.02,1.2,0.013,2.93,3,24,0,6,108,1.05,6,2.72,0,16,0,1,1,2.3,1,1,0.2,2.4,0,6,0,0,9,0,6,2.64,18,4,15,21,15,19,26,21,0.5,1.3,2.3,0.93,0.9,0,-0.2,0.2,0,-0.2,0.2,1.3,0,-0.1,0.2,1.3,3.35,1.13,0.5,9,0,-2.8,2.3,1,1,1,1,37,0,0,0,-1
Purin,388,0.16,0.1,0.7,0.1786,0.4324,0.6887067,0.09,1.4,0.065,0.02,1.1,1.325,30,3,5,0.7,1.6,1,1.35,1.05,0,0,6,0.064,1.3,0.09,0.19,1.35,0.05,1.6,3,24,0,4,60,0.94,13.125,10,0,16,0,1,1.1,1.8,0.9,0.95,0.2,1.8,0,6,0,0,9,0,6,1.98,10,4,20,20,20,20,30,16,0.5,1.3,1.6,0.9,0.85,0.5,-0.6,1.5,-0.5,-0.6,1.5,1.5,0,0.2,1.5,1.5,3.35,1.15,0.5,7,0,-2,2.3,1,1,1,1,5,0,0,0,0
Mars,388,0.15,0,1.6,0.253,0.621,0.9775,0.06,1.5,0.06,0,1.8,1.4,30,3,4,1,2.4,0.8,1.2,1.5,0.88,1,2,0.085,2.2,0.03,0.02,0.9,0.005,2.5,3,24,24,6,87,1.15,11.75,2.5,5,16,0,0,1,2.4,1,1,0.2,2.25,0,6,0,0,9,0,6,2.475,15,4,15,15,24,15,32,24,0.5,1.3,2.4,1,0.9,0,3.2,1.2,0,3.2,1.2,0.7,0,3.5,1.2,0.7,3.35,1.13,0.5,10,-1,5.2,2.3,1,1,1,1,21,0,0,0,0
Zelda,388,0.2,0.1,0.7,0.205,0.515,0.833,0.1,1.1,0.1,0.02,1.1,1.588,30,3,6,0.7,2.1,0.7,1.1,1.6,0.86,0.9,2,0.073,1.4,0.038,0.01,0.95,0.005,1.85,3,24,0,6,90,1.26,11.875,2.4,4,16,0,0,1,2.1,0.8,1,0.2,2.1,0,6,0,0,9,0,6,2.31,15,4,18,18,18,25,24,23,0.5,1.3,2.1,0.7,0.75,0,3.1,1.2,0,3.1,1.2,0.7,0,3.3,1.2,0.7,3.35,1,0.5,8,-1.8,1,2.3,1,1,1,1,66,0,0,0,0
Luigi,388,0.1,0.1,1.1,0.18,0.44,0.7,0.025,1.3,0.06,0.02,1.34,1.45,30,3,4,0.8,2.4,0.8,0.75,1.4,0.9,0.9,2,0.069,1.6,0.025,0.015,0.68,0.01,2,3,24,24,4,100,1.25,10.75,2.4,0,16,0,1,1,2.1,1,1,0.2,2,0,6,0,0,9,0,6,2.2,17,4,15,25,15,15,18,22,0.5,1.3,2.1,1,0.8,0.4,1.4,0,-0.4,1.4,0,1,0,1.9,0,1,3.35,1,0.5,8.2,-1.7,-2.5,2.3,1,1,1,1,5,0,2,0,0
Ganon,388,0.08,0,0.73,0.18,0.445,0.72,0.07,1.3,0.08,0.01,1.35,2.54,30,3,6,0.9,2.6,0.75,1.8,2,0.95,1,2,0.13,2,0.04,0.02,0.78,0.02,2.6,3,100,24,7,109,1.08,15,3.4,4,16,0,0,1,3.5,0.9,1,0.2,2.4,0,6,0,0,9,0,6,2.64,18,5,25,25,25,25,35,26,0.5,1.3,2.6,1,1.1,0,3.2,1.2,0,3.2,1.2,0.7,0,3.3,1.2,0.7,3.35,1.5,0.5,10,-3,8.5,2.3,1,1,1,1,17,0,0,0,0
Mewtwo,388,0.3,0.1,1,0.2,0.4,0.667,0.04,1.4,0,0.1,1.4,1.5,30,3,5,0.9,2.3,0.7,1.4,1.4,1,0.9,2,0.082,1.5,0.03,0.02,1.2,0.016,2.3,3,24,24,4,85,1,16.25,2.35,3,16,0,0,1,2.3,1,1,0.2,2.4,0,6,0,0,9,0,6,2.64,17,4,26,25,28,20,28,25,0.5,1.3,2.3,1,1.1,0,0,0,0,0,0,1.2,0,0,0,1.2,3.35,1.18,0.5,12.8,0,3,2.3,1,1,1,1,28,0,0,0,-1
Clink,388,0.2,0.1,1.2,0.21,0.518,0.816,0.08,1.8,0.1,0.02,1.6,1.4,30,3,4,1,2.62,0.8,1.2,1.5,0.88,1,2,0.11,2.13,0.04,0.02,1,0.005,2.2,3,24,24,6,85,0.96,11.625,2.7,5,16,0,1,1,2.6,1,1,0.2,1.9,0,6,0,0,9,0,6,2.09,14,4,15,15,15,30,50,20,0.5,1.3,2.6,1,0.8,0,3.3,1.2,0,3.3,1.2,0.8,0,3.5,1.2,0.8,3.35,1,0.5,8.2,-3.5,0.3,2.3,1,1,1,1,17,0,0,0,0
Drmario,388,0.1,0.1,1.1,0.18,0.44,0.7,0.06,1.5,0.06,0.02,1.5,1.45,30,3,4,1,2.3,0.8,1.5,1.4,1,0.9,2,0.095,1.7,0.024,0.02,0.9,0.016,2.3,3,24,24,4,100,1.1,10.75,2.5,0,16,0,1,1,2.3,1,1,0.2,2,0,6,0,0,9,0,6,2.2,17,4,18,25,18,18,24,20,0.5,1.3,2.3,1,0.8,0.4,-0.5,1.4,-0.4,-0.5,1.4,1,0,-0.4,1.4,1,3.35,1,0.5,8.2,-1.7,-2.5,2.3,1,1,1,1,5,0,2,0,0
Emblem,388,0.15,0,1.2,0.253,0.621,0.9775,0.06,1.4,0.07,0,1.61,1.4,30,3,5,1,2.6,0.8,1.2,1.5,0.88,1,2,0.114,2.4,0.03,0.02,0.9,0.005,2.9,3,24,24,6,85,1.08,11.75,2.5,5,16,0,0,1,2.4,1,1,0.2,2.25,0,6,0,0,9,0,6,2.475,15,4,20,20,24,18,32,24,0.5,1.3,2.4,1,0.9,0,3.2,1.2,0,3.2,1.2,0.7,0,3.5,1.2,0.7,3.35,1.13,0.5,10,-1,5.2,2.3,1,1,1,1,23,0,0,0,0
Pichu,388,0.15,0.1,1.24,0.108,0.25,0.367,0.1,1.8,0.08,0.02,1.72,0.467,30,3,3,0.8,2.6,0.8,1.8,1.7,1,0.8,2,0.11,1.9,0.03,0.02,0.85,0.01,2.5,3,24,0,4,55,0.5,24.3,3.5,0,16,0,1,1,2.6,0.9,0.9,0.2,1.6,0,6,0,0,9,0,6,1.76,9,2,12,15,18,18,26,17,0.5,1.3,2.6,0.8,0.6,0.3,-0.3,1.1,-0.3,-0.3,1.1,1.3,0,-0.2,1.1,1.3,3.35,1.1,0.5,7,-1,-9.5,2.3,1,1,1,1,15,0,0,0,0
Gamewatch,388,0.1,0.1,1.1,0.2,0.32,0.44,0.06,1.5,0.06,0.02,1.5,0.75,30,3,4,1,2.3,0.8,1.5,1.4,1,0.9,2,0.095,1.7,0.03,0.02,1,0.016,2.3,3,24,24,4,60,1.02,10.75,2.6,3,16,0,1,1,2.8,1,0.9,0.2,2.1,0,6,0,0,9,0,6,2.31,13,4,15,25,18,15,20,18,0.5,1.3,2.3,1,0.9,0,2.8,-1.7,0,2.8,-1.2,1.3,0,3.1,-1.2,1.3,3.35,1.3,0.5,8,0,3.6,2.3,1,1,1,1,6,0,2,0,0
